epoch,time,train/box_loss,train/cls_loss,train/dfl_loss,metrics/precision(B),metrics/recall(B),metrics/mAP50(B),metrics/mAP50-95(B),val/box_loss,val/cls_loss,val/dfl_loss,lr/pg0,lr/pg1,lr/pg2
1,17.3515,2.30159,9.50652,1.10414,0.00019,0.05,0.0001,8e-05,2.14088,13.7085,0.71091,0.00014,0.00014,0.00014
2,33.1494,2.33997,9.31299,1.02714,0.00037,0.1,0.00022,7e-05,2.16126,13.4581,0.71943,0.000298515,0.000298515,0.000298515
3,49.3096,2.93598,12.7117,1.06735,0.00037,0.1,0.00022,7e-05,2.47665,13.8894,0.78505,0.000455446,0.000455446,0.000455446
4,64.8543,2.21727,8.32929,0.97361,0.00074,0.2,0.0005,0.00012,2.41177,14.0964,0.7618,0.000610793,0.000610793,0.000610793
5,80.4701,2.33325,6.53747,1.11558,0.00074,0.2,0.00047,0.00015,3.14722,14.1248,0.90624,0.000764556,0.000764556,0.000764556
6,95.3508,2.2264,7.72386,1.12975,0.00074,0.2,0.00047,0.00015,2.64866,13.5827,0.76655,0.000916735,0.000916735,0.000916735
7,110.828,2.37418,6.64276,1.00811,0.00074,0.2,0.00046,0.00014,2.66049,13.4015,0.79095,0.00106733,0.00106733,0.00106733
8,126.772,2.20333,6.11299,1.00237,0.00093,0.25,0.00061,0.00038,2.81361,13.3294,0.81904,0.00121634,0.00121634,0.00121634
9,141.971,2.55377,7.31893,1.02041,0.00037,0.1,0.00021,0.0001,2.45589,13.4739,0.78702,0.00136377,0.00136377,0.00136377
10,159.026,2.34616,5.05702,0.95492,0.00093,0.25,0.01557,0.00174,2.5201,13.2726,0.78378,0.00150961,0.00150961,0.00150961
11,174.569,2.50849,8.48029,1.02138,0.0013,0.35,0.0114,0.00769,2.69955,13.5943,0.85477,0.00165387,0.00165387,0.00165387
12,190.078,2.02401,4.96371,1.03882,0.13402,0.1,0.03521,0.02056,3.00703,13.6479,0.93136,0.00179654,0.00179654,0.00179654
13,205.603,2.30427,5.47134,1.07291,0.00111,0.3,0.00714,0.00421,3.21979,13.2635,0.9456,0.0018812,0.0018812,0.0018812
14,221.313,2.25297,4.51249,1.11729,0.02224,0.1,0.00803,0.0048,1.25152,11.3061,0.52684,0.0018713,0.0018713,0.0018713
15,236.203,2.17978,4.08412,1.04379,0.72847,0.15,0.20249,0.10544,2.57508,10.7973,0.79704,0.0018614,0.0018614,0.0018614
16,252.126,2.44848,5.26029,1.10844,0.13747,0.25,0.04536,0.02541,2.60426,10.7022,0.80968,0.0018515,0.0018515,0.0018515
17,267.336,2.19147,3.88826,1.10504,0.08332,0.25,0.03336,0.01595,2.71369,10.6362,0.84229,0.0018416,0.0018416,0.0018416
18,283.392,2.64629,5.731,1.05755,0.28209,0.3,0.12383,0.04964,1.73886,8.66716,0.62116,0.0018317,0.0018317,0.0018317
19,299.354,2.35071,4.0468,1.19186,0.16221,0.2,0.05939,0.03069,1.76724,9.45013,0.62539,0.0018218,0.0018218,0.0018218
20,314.245,1.9098,3.98768,1.07468,0.20427,0.2,0.06436,0.03292,3.23606,9.45667,0.98803,0.0018119,0.0018119,0.0018119
21,328.965,2.3364,4.33216,1.12622,0.12996,0.23923,0.04658,0.02299,2.87017,9.18129,0.96677,0.001802,0.001802,0.001802
22,344.076,2.44898,4.44615,1.08962,0.33223,0.3,0.28389,0.15276,2.95441,7.91624,0.96826,0.0017921,0.0017921,0.0017921
23,358.982,2.21529,4.40086,0.90606,0.59273,0.25,0.26264,0.11759,3.10202,7.29914,0.99042,0.0017822,0.0017822,0.0017822
24,373.759,2.04408,3.65979,1.08588,0.54189,0.25,0.21231,0.12033,3.10574,7.69928,0.98228,0.0017723,0.0017723,0.0017723
25,388.498,2.28323,4.2216,1.04953,0.60203,0.25,0.22128,0.13593,3.19763,7.69657,0.9206,0.0017624,0.0017624,0.0017624
26,403.755,2.06786,3.85365,1.01075,0.46384,0.26023,0.25526,0.15018,2.66548,6.85812,0.77368,0.0017525,0.0017525,0.0017525
27,418.472,2.1427,3.25199,1.02327,0.65193,0.4,0.32831,0.17264,2.72642,6.48336,0.82462,0.0017426,0.0017426,0.0017426
28,435.593,2.18742,3.61396,0.9838,0.67948,0.45,0.40901,0.16701,2.98514,6.39051,0.87896,0.0017327,0.0017327,0.0017327
29,451.987,2.41657,4.05291,0.98754,0.67908,0.42422,0.38886,0.13331,3.15663,6.17166,0.95326,0.0017228,0.0017228,0.0017228
30,467.934,2.54178,3.71713,1.05783,0.48438,0.28281,0.22455,0.08566,2.76137,6.21008,0.8304,0.0017129,0.0017129,0.0017129
31,483.43,2.2557,3.60859,1.04161,0.44671,0.25,0.21544,0.11194,2.61972,6.12464,0.75784,0.001703,0.001703,0.001703
32,499.162,2.40455,3.71226,1.03578,0.52874,0.3,0.29293,0.15791,2.68118,5.83321,0.77453,0.0016931,0.0016931,0.0016931
33,514.912,2.32808,3.68157,1.01174,0.55478,0.4,0.32962,0.15958,3.08635,5.64705,0.90038,0.0016832,0.0016832,0.0016832
34,530.071,1.91823,2.72655,1.06048,0.72452,0.39495,0.39573,0.15601,3.15541,5.59222,0.91843,0.0016733,0.0016733,0.0016733
35,544.977,2.54132,3.5161,1.15668,0.68656,0.43879,0.42008,0.17935,3.01182,5.28191,0.915,0.0016634,0.0016634,0.0016634
36,559.738,1.94074,2.66263,0.90909,0.8032,0.45,0.4482,0.19194,2.89632,4.8367,0.92418,0.0016535,0.0016535,0.0016535
37,574.715,2.01526,2.92419,0.93901,0.8137,0.43768,0.44085,0.19891,2.65237,4.63312,0.9743,0.0016436,0.0016436,0.0016436
38,589.443,2.09261,3.14221,0.9505,0.67739,0.35,0.3364,0.12894,2.9097,4.79291,0.9951,0.0016337,0.0016337,0.0016337
39,604.55,1.85162,2.13275,1.00166,0.49628,0.3,0.27222,0.11391,3.05219,4.96959,0.98034,0.0016238,0.0016238,0.0016238
40,619.833,2.28764,3.54985,0.94918,0.48809,0.3,0.31999,0.14388,3.00723,4.53708,0.97061,0.0016139,0.0016139,0.0016139
41,635.025,2.5227,3.10554,1.15863,0.52792,0.3,0.31589,0.15197,2.92002,3.9413,0.97723,0.001604,0.001604,0.001604
42,650.514,2.47442,2.7139,0.98793,0.65698,0.38402,0.36742,0.16249,2.83551,3.90095,0.95255,0.0015941,0.0015941,0.0015941
43,665.943,2.15409,2.65167,1.04384,0.67584,0.45,0.43821,0.17662,2.81789,3.87248,0.92488,0.0015842,0.0015842,0.0015842
44,680.96,1.93697,2.80635,0.94361,0.49116,0.4,0.36201,0.13585,3.01722,4.10282,0.93857,0.0015743,0.0015743,0.0015743
45,696.277,2.36141,3.07483,1.094,0.46868,0.4,0.36025,0.1245,3.23063,4.26197,0.97876,0.0015644,0.0015644,0.0015644
46,711.331,2.27362,2.41911,0.99921,0.51619,0.45,0.42039,0.10912,3.21205,4.17036,0.98961,0.0015545,0.0015545,0.0015545
47,726.347,2.08097,2.12509,0.93813,0.8734,0.34551,0.36416,0.1387,3.18976,4.22486,0.98552,0.0015446,0.0015446,0.0015446
48,741.23,2.0433,2.45657,0.98898,0.59828,0.4,0.3398,0.16218,3.01865,4.11609,0.92508,0.0015347,0.0015347,0.0015347
49,756.494,2.67231,3.0762,0.91963,0.69604,0.34407,0.3228,0.15141,2.92281,3.89738,0.88096,0.0015248,0.0015248,0.0015248
50,771.862,2.02529,2.04765,0.96487,0.65165,0.35,0.35444,0.13722,2.51868,3.75178,0.86332,0.0015149,0.0015149,0.0015149
51,787.173,2.42426,3.04621,0.98542,0.38651,0.3,0.21681,0.1104,2.37705,3.74782,0.89001,0.001505,0.001505,0.001505
52,802.505,1.77681,1.79492,0.98834,0.35295,0.3,0.2274,0.11687,2.48165,3.60191,0.83423,0.0014951,0.0014951,0.0014951
53,817.906,2.10141,2.85439,0.88006,0.53197,0.45,0.35212,0.14436,2.59069,3.49621,0.81958,0.0014852,0.0014852,0.0014852
54,833.292,1.82002,1.79507,0.96147,0.54005,0.4,0.38656,0.15386,3.35141,3.49607,0.99862,0.0014753,0.0014753,0.0014753
55,848.378,2.0494,1.99624,0.93919,0.88654,0.39156,0.43103,0.17413,3.06848,3.28259,0.9401,0.0014654,0.0014654,0.0014654
56,864.327,2.30306,2.42458,1.07284,0.74953,0.4,0.45834,0.19967,3.34828,3.14109,0.98171,0.0014555,0.0014555,0.0014555
57,879.762,1.8935,1.8086,0.994,0.67402,0.45,0.47605,0.2128,3.16195,2.94523,0.97294,0.0014456,0.0014456,0.0014456
58,894.814,2.00223,1.89409,0.98794,0.58744,0.4,0.40137,0.19348,3.12634,3.23915,0.9514,0.0014357,0.0014357,0.0014357
59,910.119,1.91791,1.73399,0.98112,0.56518,0.3,0.28784,0.15118,2.78886,3.31701,0.91562,0.0014258,0.0014258,0.0014258
60,925.287,2.32666,2.09784,1.00182,0.50493,0.3,0.2549,0.12209,2.84913,3.24226,0.86749,0.0014159,0.0014159,0.0014159
61,941.079,2.22293,2.2659,0.90788,0.48299,0.35,0.26721,0.11621,2.6546,3.0035,0.79312,0.001406,0.001406,0.001406
62,956.504,2.00638,1.76966,0.94206,0.41345,0.3,0.23842,0.12115,2.49854,3.0049,0.75398,0.0013961,0.0013961,0.0013961
63,971.52,1.97795,1.71827,0.95602,0.42178,0.25,0.1332,0.06232,2.64146,3.28701,0.79172,0.0013862,0.0013862,0.0013862
64,986.748,1.71098,1.5335,0.89552,0.59836,0.4,0.33531,0.14253,2.68849,2.84158,0.81701,0.0013763,0.0013763,0.0013763
65,1002.34,1.9549,1.50419,0.99332,0.66418,0.45,0.4074,0.19119,2.73028,2.80174,0.83081,0.0013664,0.0013664,0.0013664
66,1017.48,2.17862,1.85585,1.03217,0.66439,0.4,0.40125,0.17382,2.74933,2.81238,0.83915,0.0013565,0.0013565,0.0013565
67,1032.99,1.98147,1.90753,0.89959,0.50969,0.36454,0.34301,0.12245,2.87763,2.90657,0.86485,0.0013466,0.0013466,0.0013466
68,1047.98,2.55149,2.16743,0.93898,0.53701,0.34811,0.29414,0.08308,3.23428,3.20168,0.93437,0.0013367,0.0013367,0.0013367
69,1064.51,2.18392,1.82169,1.0231,0.48766,0.35,0.29555,0.07862,3.508,3.25026,0.95597,0.0013268,0.0013268,0.0013268
70,1079.65,2.33151,1.98767,0.92066,0.44716,0.3,0.26275,0.11241,3.23656,3.07959,0.92211,0.0013169,0.0013169,0.0013169
71,1094.99,2.11797,1.64235,0.96098,0.52569,0.35,0.29225,0.13912,2.87118,2.87558,0.92899,0.001307,0.001307,0.001307
72,1110.47,1.98071,1.67056,0.91178,0.70921,0.4,0.40526,0.16262,2.56337,2.69662,0.86099,0.0012971,0.0012971,0.0012971
73,1125.84,1.85658,1.61481,0.92033,0.68731,0.4,0.39356,0.16701,2.47579,2.57108,0.81882,0.0012872,0.0012872,0.0012872
74,1140.9,2.0243,1.69424,0.90843,0.5197,0.4,0.36194,0.17208,2.39756,2.47841,0.77907,0.0012773,0.0012773,0.0012773
75,1156.7,1.7534,1.5727,1.01969,0.77533,0.34559,0.35095,0.15008,2.78039,2.66661,0.85318,0.0012674,0.0012674,0.0012674
76,1172.04,2.03279,1.86061,0.92244,0.66928,0.35,0.34612,0.13285,2.86987,2.96738,0.8788,0.0012575,0.0012575,0.0012575
77,1187.01,1.92129,1.75005,0.95412,0.66984,0.35,0.32719,0.12596,3.00881,3.11496,0.92315,0.0012476,0.0012476,0.0012476
78,1201.78,1.87012,1.41858,0.96299,0.67172,0.35,0.30806,0.11858,3.11134,3.10108,0.95104,0.0012377,0.0012377,0.0012377
79,1216.64,1.84686,1.66452,0.91178,0.70515,0.4,0.34486,0.14646,2.89341,2.92176,0.90596,0.0012278,0.0012278,0.0012278
80,1231.41,1.80878,1.4525,0.84861,0.64347,0.4,0.34655,0.15613,2.67968,2.69375,0.82643,0.0012179,0.0012179,0.0012179
81,1246.48,1.62196,1.35756,0.9094,0.8858,0.3889,0.3775,0.16011,2.55151,2.54817,0.78345,0.001208,0.001208,0.001208
82,1261.34,1.71795,1.25916,0.84827,0.77758,0.35,0.3575,0.15288,2.53806,2.5255,0.77884,0.0011981,0.0011981,0.0011981
83,1276.16,1.82229,1.60138,0.93938,0.75493,0.35,0.34532,0.14471,2.57556,2.55661,0.78236,0.0011882,0.0011882,0.0011882
84,1291.03,1.88892,1.53941,0.90323,0.63414,0.4,0.34185,0.14678,2.86582,2.77132,0.83817,0.0011783,0.0011783,0.0011783
85,1306.35,1.56549,1.31856,0.87324,0.7252,0.3962,0.35153,0.16475,3.19968,2.9917,0.91059,0.0011684,0.0011684,0.0011684
86,1321.51,1.91796,1.60538,1.06286,0.6374,0.4,0.37762,0.14953,3.13928,2.92651,0.88606,0.0011585,0.0011585,0.0011585
87,1336.59,1.9902,1.51065,0.89616,0.62508,0.4,0.38341,0.15661,3.14435,2.82754,0.8738,0.0011486,0.0011486,0.0011486
88,1351.74,1.77676,1.37478,0.94791,0.66627,0.4,0.36392,0.15163,3.1033,2.74676,0.85143,0.0011387,0.0011387,0.0011387
89,1366.91,1.82823,1.29521,0.91091,0.71906,0.35,0.35686,0.14969,3.02003,2.66957,0.83388,0.0011288,0.0011288,0.0011288
90,1382.06,1.9494,1.55563,0.92364,0.78302,0.45,0.40131,0.15859,2.8802,2.61375,0.82003,0.0011189,0.0011189,0.0011189
91,1397.19,1.97563,1.59387,0.86726,0.77001,0.45,0.42182,0.16442,2.71543,2.62355,0.79879,0.001109,0.001109,0.001109
92,1412.87,1.86414,1.45388,0.9276,0.8078,0.45,0.42994,0.17356,3.23365,2.69467,0.89468,0.0010991,0.0010991,0.0010991
93,1428.16,1.85302,1.43928,0.92992,0.67258,0.45,0.40024,0.16816,2.85756,2.42071,0.86905,0.0010892,0.0010892,0.0010892
94,1443.56,1.9399,1.47896,0.85783,0.76578,0.4,0.38593,0.15518,2.87504,2.40734,0.88592,0.0010793,0.0010793,0.0010793
95,1458.63,2.16537,1.5737,0.89997,0.64424,0.4,0.3772,0.13798,2.97847,2.36549,0.91284,0.0010694,0.0010694,0.0010694
96,1473.74,1.92898,1.23169,0.94581,0.64615,0.4,0.37585,0.12,3.03365,2.32659,0.95161,0.0010595,0.0010595,0.0010595
97,1488.81,2.0222,1.60288,0.9281,0.48961,0.35,0.35296,0.11299,2.92574,2.29606,0.95736,0.0010496,0.0010496,0.0010496
98,1503.74,1.55599,1.21828,0.92271,0.54128,0.35,0.3314,0.12054,2.93732,2.22788,0.91898,0.0010397,0.0010397,0.0010397
99,1519.06,1.88877,1.47877,1.05636,0.63328,0.3,0.32047,0.12161,2.82916,2.21258,0.8821,0.0010298,0.0010298,0.0010298
100,1534.5,2.27103,1.65131,1.03043,0.63533,0.3,0.31957,0.13598,2.85043,2.23411,0.90434,0.0010199,0.0010199,0.0010199
101,1549.51,2.45692,1.89382,0.98083,0.76818,0.35,0.3621,0.16484,2.80915,2.33782,0.9546,0.00101,0.00101,0.00101
102,1564.54,1.92311,1.3903,0.94904,0.65021,0.4,0.40198,0.18652,2.80596,2.26975,0.95084,0.0010001,0.0010001,0.0010001
103,1579.55,1.94288,1.45056,0.94656,0.65248,0.4,0.39291,0.19028,2.79996,2.1946,0.95577,0.0009902,0.0009902,0.0009902
104,1594.84,1.97347,1.50067,0.91251,0.59674,0.4,0.37106,0.15062,2.80427,2.14715,0.96984,0.0009803,0.0009803,0.0009803
105,1609.9,2.26751,1.75144,0.86779,0.472,0.35,0.33097,0.13389,3.00032,2.0878,0.99241,0.0009704,0.0009704,0.0009704
106,1625.18,1.86177,1.39437,0.9555,0.48699,0.35,0.31055,0.11893,3.05386,2.10456,0.99336,0.0009605,0.0009605,0.0009605
107,1640.23,1.86672,1.28796,0.88512,0.43493,0.35,0.31347,0.13698,3.02323,2.20648,0.98394,0.0009506,0.0009506,0.0009506
108,1655.25,1.73591,1.31475,0.94606,0.54746,0.45,0.40759,0.15678,2.90106,2.26808,0.94714,0.0009407,0.0009407,0.0009407
109,1670.59,1.53203,1.06061,0.90788,0.71035,0.4,0.43901,0.20623,2.7587,2.253,0.90656,0.0009308,0.0009308,0.0009308
110,1685.72,1.87686,1.35516,1.09816,0.7263,0.45,0.48529,0.21713,2.73161,2.27825,0.89445,0.0009209,0.0009209,0.0009209
111,1700.59,1.79648,1.31122,0.95301,0.87636,0.45,0.50165,0.21393,2.73787,2.28727,0.90713,0.000911,0.000911,0.000911
112,1715.83,1.5577,1.12449,0.89513,0.81799,0.45,0.48334,0.21633,2.71068,2.28878,0.92326,0.0009011,0.0009011,0.0009011
113,1730.57,1.70071,1.22719,0.85514,0.79282,0.45,0.47334,0.22054,2.70811,2.29739,0.92859,0.0008912,0.0008912,0.0008912
114,1746.94,1.47822,1.2296,0.93508,0.76958,0.4,0.42485,0.19056,2.68688,2.30653,0.93156,0.0008813,0.0008813,0.0008813
115,1762.47,1.829,1.41881,0.86022,0.76284,0.4,0.40621,0.17958,2.61416,2.26528,0.92648,0.0008714,0.0008714,0.0008714
116,1778.23,1.81624,1.21118,0.85098,0.77676,0.4,0.37345,0.17563,2.54643,2.14018,0.89013,0.0008615,0.0008615,0.0008615
117,1793.6,1.74976,1.27611,0.90823,0.64086,0.4,0.3637,0.17958,2.53878,1.98916,0.83108,0.0008516,0.0008516,0.0008516
118,1812.24,1.83308,1.37489,0.93373,0.63123,0.4,0.3611,0.17039,2.50898,1.90332,0.80834,0.0008417,0.0008417,0.0008417
119,1831.23,1.43137,1.01818,0.90215,0.71354,0.37483,0.36246,0.1849,2.47663,1.84864,0.79976,0.0008318,0.0008318,0.0008318
120,1848.38,1.80022,1.20719,0.87901,0.72681,0.39916,0.36459,0.18923,2.50443,1.84031,0.81432,0.0008219,0.0008219,0.0008219
121,1864.14,1.83466,1.19607,0.92937,0.6665,0.39973,0.362,0.18719,2.53835,1.87131,0.829,0.000812,0.000812,0.000812
122,1879.84,1.85974,1.42922,0.93183,0.49281,0.4,0.34104,0.18891,2.56033,1.90138,0.84833,0.0008021,0.0008021,0.0008021
123,1895.33,1.70538,1.33141,0.861,0.49552,0.39328,0.3406,0.17962,2.6009,1.92588,0.86983,0.0007922,0.0007922,0.0007922
124,1911.3,1.63864,1.14637,0.87832,0.55676,0.35,0.32225,0.16381,2.65929,1.9414,0.88991,0.0007823,0.0007823,0.0007823
125,1926.78,1.70156,1.13193,0.85339,0.63018,0.35,0.32402,0.17478,2.74027,1.89573,0.87855,0.0007724,0.0007724,0.0007724
126,1943.26,1.68209,1.15929,0.90963,0.66513,0.35,0.32655,0.17717,2.69805,1.84373,0.85902,0.0007625,0.0007625,0.0007625
127,1959.59,1.64439,1.17401,0.81691,0.66558,0.35,0.33272,0.17236,2.68732,1.83607,0.85807,0.0007526,0.0007526,0.0007526
128,1974.85,1.63933,1.19429,0.86164,0.73951,0.35,0.35373,0.18523,2.63388,1.78164,0.84845,0.0007427,0.0007427,0.0007427
129,1990.01,1.49878,0.95248,0.91773,0.80149,0.35,0.37186,0.20018,2.56773,1.72635,0.83885,0.0007328,0.0007328,0.0007328
130,2006.31,1.51988,1.16704,0.92187,0.83851,0.35,0.3716,0.1944,2.53196,1.70028,0.83822,0.0007229,0.0007229,0.0007229
131,2022.05,1.76262,1.18524,0.90364,0.82642,0.35,0.35166,0.19379,2.50469,1.706,0.83064,0.000713,0.000713,0.000713
132,2037.68,1.91286,1.46237,0.90163,0.70927,0.35,0.39559,0.20317,2.49587,1.73411,0.82789,0.0007031,0.0007031,0.0007031
133,2053.36,1.57658,1.1279,0.91493,0.76983,0.4,0.4649,0.21645,2.49953,1.77341,0.83257,0.0006932,0.0006932,0.0006932
134,2068.85,1.35299,0.99582,0.80834,0.76771,0.4,0.43957,0.20358,2.52779,1.75535,0.84429,0.0006833,0.0006833,0.0006833
135,2084.66,1.48665,1.18037,0.89652,0.85717,0.45,0.48496,0.20591,2.5977,1.75641,0.86418,0.0006734,0.0006734,0.0006734
136,2099.98,1.68869,1.00796,0.80418,0.8062,0.45,0.45443,0.18677,2.62789,1.73236,0.87165,0.0006635,0.0006635,0.0006635
137,2115.66,1.55979,1.08126,0.88091,0.68657,0.45,0.43084,0.17706,2.64776,1.74143,0.87825,0.0006536,0.0006536,0.0006536
138,2131.3,1.65663,1.07255,0.85826,0.66237,0.45,0.42399,0.18225,2.63665,1.73455,0.87421,0.0006437,0.0006437,0.0006437
139,2147.1,1.41535,0.9626,0.87908,0.64226,0.45,0.42144,0.16564,2.69621,1.73872,0.88379,0.0006338,0.0006338,0.0006338
140,2162.76,1.8371,1.45432,1.04754,0.52491,0.5,0.43235,0.17139,2.76347,1.72824,0.89196,0.0006239,0.0006239,0.0006239
141,2178.52,1.39141,1.17612,0.91974,0.5684,0.45,0.4176,0.16457,2.79578,1.72316,0.88934,0.000614,0.000614,0.000614
142,2194.55,1.64247,1.28784,0.93001,0.88341,0.38026,0.43348,0.18699,2.76833,1.69739,0.88221,0.0006041,0.0006041,0.0006041
143,2210,1.77864,1.1314,0.84693,0.66348,0.45,0.43632,0.18521,2.76052,1.69822,0.88955,0.0005942,0.0005942,0.0005942
144,2226.11,1.63281,1.11361,0.85276,0.66765,0.45,0.43022,0.19726,2.72459,1.6872,0.88092,0.0005843,0.0005843,0.0005843
145,2240.99,1.58674,1.09812,0.87996,0.57984,0.4,0.36829,0.20417,2.69016,1.69599,0.87176,0.0005744,0.0005744,0.0005744
146,2256.68,1.35031,1.05545,0.86625,0.59905,0.4,0.35664,0.19936,2.66456,1.6822,0.85233,0.0005645,0.0005645,0.0005645
147,2272.18,1.53321,1.02963,0.84926,0.60453,0.38306,0.35289,0.19808,2.63132,1.65178,0.83522,0.0005546,0.0005546,0.0005546
148,2287.42,1.40936,1.05305,0.87531,0.62331,0.4,0.41711,0.19985,2.59795,1.62045,0.82245,0.0005447,0.0005447,0.0005447
149,2302.51,1.74927,1.14244,0.84985,0.64106,0.44674,0.416,0.20846,2.5256,1.58367,0.80527,0.0005348,0.0005348,0.0005348
150,2318.14,1.58168,1.02424,0.86273,0.61586,0.45,0.42228,0.21127,2.45675,1.56475,0.78899,0.0005249,0.0005249,0.0005249
151,2333.24,1.66034,1.17956,0.87832,0.62447,0.45,0.42719,0.21198,2.42703,1.55968,0.78436,0.000515,0.000515,0.000515
152,2348.23,1.54507,0.97298,0.8215,0.64936,0.45,0.45587,0.2153,2.43433,1.58432,0.79133,0.0005051,0.0005051,0.0005051
153,2363.12,1.80703,1.33984,0.89374,0.6672,0.45,0.46217,0.21776,2.48125,1.61374,0.80902,0.0004952,0.0004952,0.0004952
154,2378.31,1.39737,0.95431,0.84505,0.67557,0.45,0.4399,0.21517,2.57101,1.65427,0.83871,0.0004853,0.0004853,0.0004853
155,2393.3,1.44004,0.98483,0.86879,0.60961,0.4,0.40305,0.20769,2.65779,1.68503,0.87073,0.0004754,0.0004754,0.0004754
156,2408.19,1.85576,1.10878,0.8579,0.6254,0.4,0.40913,0.21261,2.6754,1.72271,0.88829,0.0004655,0.0004655,0.0004655
157,2423.05,1.40867,1.02863,0.90336,0.63285,0.4,0.4156,0.20322,2.67031,1.74279,0.8871,0.0004556,0.0004556,0.0004556
158,2438.05,1.53361,1.03338,0.89036,0.55882,0.35,0.35182,0.19917,2.64767,1.75098,0.87532,0.0004457,0.0004457,0.0004457
159,2452.84,1.70441,1.09285,0.83266,0.49295,0.45,0.37245,0.20723,2.61167,1.71658,0.85895,0.0004358,0.0004358,0.0004358
160,2468.7,1.5484,0.99307,0.76016,0.51279,0.36918,0.34295,0.1885,2.57696,1.68424,0.84111,0.0004259,0.0004259,0.0004259
161,2485.77,1.76847,1.26786,0.96184,0.48448,0.45,0.37432,0.19568,2.53607,1.6418,0.82328,0.000416,0.000416,0.000416
162,2502.69,1.46196,0.89714,0.83211,0.47184,0.35,0.33969,0.18643,2.5298,1.62197,0.81418,0.0004061,0.0004061,0.0004061
163,2519.13,1.47949,1.02224,0.83746,0.5139,0.45,0.36859,0.1746,2.54001,1.62738,0.80613,0.0003962,0.0003962,0.0003962
164,2534.87,1.57038,1.19809,0.87623,0.51698,0.45,0.37001,0.17906,2.53626,1.62406,0.80461,0.0003863,0.0003863,0.0003863
165,2550.85,1.65871,1.15931,0.88073,0.49209,0.45,0.33637,0.17556,2.55002,1.63904,0.80913,0.0003764,0.0003764,0.0003764
166,2566.11,1.34138,0.94176,0.85373,0.48719,0.45,0.34513,0.18821,2.60972,1.65054,0.82202,0.0003665,0.0003665,0.0003665
167,2581.08,1.55654,0.99024,0.89418,0.43152,0.4,0.30459,0.18629,2.64697,1.64675,0.83021,0.0003566,0.0003566,0.0003566
168,2596.68,1.42307,0.88043,0.85909,0.43075,0.4,0.30524,0.19307,2.66643,1.66138,0.83214,0.0003467,0.0003467,0.0003467
169,2613.07,1.3007,0.89218,0.84952,0.48199,0.45,0.34567,0.19775,2.68514,1.67679,0.83435,0.0003368,0.0003368,0.0003368
170,2628.61,1.60177,0.92371,0.83588,0.47976,0.45,0.34441,0.201,2.66229,1.67786,0.82697,0.0003269,0.0003269,0.0003269
171,2644.67,1.63642,1.0231,0.87872,0.54523,0.5,0.38289,0.21093,2.62172,1.65951,0.81714,0.000317,0.000317,0.000317
172,2660.81,1.37671,0.9613,0.86145,0.59936,0.55,0.447,0.21555,2.56384,1.6434,0.80411,0.0003071,0.0003071,0.0003071
173,2676.83,1.41798,0.94074,0.81391,0.58661,0.55,0.43014,0.20776,2.50018,1.63907,0.78937,0.0002972,0.0002972,0.0002972
174,2693.38,2.01576,1.13423,0.81874,0.54882,0.55,0.431,0.20486,2.45718,1.64163,0.77943,0.0002873,0.0002873,0.0002873
175,2709.05,1.17971,0.74361,0.83784,0.5431,0.55,0.44318,0.21442,2.44214,1.64624,0.77632,0.0002774,0.0002774,0.0002774
176,2724.79,1.69413,1.09748,0.83992,0.49327,0.5,0.37772,0.20311,2.4343,1.63823,0.77463,0.0002675,0.0002675,0.0002675
177,2740.02,1.83767,1.21873,0.87264,0.49646,0.5,0.41611,0.20537,2.44127,1.63171,0.77841,0.0002576,0.0002576,0.0002576
178,2755.44,1.46262,0.91036,0.858,0.4949,0.5,0.41565,0.20522,2.43622,1.62281,0.77833,0.0002477,0.0002477,0.0002477
179,2771.23,1.42473,0.87229,0.82663,0.49217,0.5,0.41519,0.20735,2.41323,1.61332,0.77758,0.0002378,0.0002378,0.0002378
180,2787.13,1.35371,0.84172,0.80117,0.4917,0.5,0.41227,0.20797,2.40626,1.61615,0.77956,0.0002279,0.0002279,0.0002279
181,2802.98,1.66814,1.36707,1.00619,0.53753,0.55,0.43332,0.20807,2.41727,1.62096,0.78359,0.000218,0.000218,0.000218
182,2818.15,1.4482,1.04047,0.91024,0.53722,0.55,0.43473,0.20906,2.44508,1.63237,0.79233,0.0002081,0.0002081,0.0002081
183,2833.84,1.35494,0.90312,0.88246,0.53646,0.55,0.42847,0.20931,2.47813,1.64233,0.80245,0.0001982,0.0001982,0.0001982
184,2850.07,1.37285,0.88482,0.87244,0.51752,0.5,0.40321,0.20404,2.51542,1.65712,0.81522,0.0001883,0.0001883,0.0001883
185,2864.41,1.55976,1.00366,0.86026,0.56677,0.5,0.47251,0.21195,2.5654,1.68239,0.83064,0.0001784,0.0001784,0.0001784
186,2878.57,1.40699,0.91814,0.86919,0.58425,0.5,0.47185,0.21402,2.61046,1.69097,0.84638,0.0001685,0.0001685,0.0001685
187,2896.15,1.56193,0.95572,0.83522,0.61223,0.5,0.46845,0.21572,2.63776,1.71033,0.85881,0.0001586,0.0001586,0.0001586
188,2911.82,1.18684,0.88891,0.87979,0.55283,0.45,0.41829,0.21025,2.65113,1.72106,0.86636,0.0001487,0.0001487,0.0001487
189,2926.8,1.18833,0.95187,0.87212,0.55509,0.45,0.41381,0.20286,2.65515,1.72333,0.87069,0.0001388,0.0001388,0.0001388
190,2942,1.2835,0.98781,0.87162,0.5511,0.45,0.40623,0.20835,2.65698,1.72152,0.87321,0.0001289,0.0001289,0.0001289
191,2957.07,1.62216,0.99986,0.83413,0.54481,0.45,0.41271,0.21509,2.65903,1.72416,0.87481,0.000119,0.000119,0.000119
192,2972.24,1.56455,0.94849,0.89919,0.54952,0.45,0.41808,0.21631,2.66233,1.73682,0.87388,0.0001091,0.0001091,0.0001091
193,2988.64,1.56472,0.90391,0.82087,0.57953,0.4831,0.43155,0.21882,2.67145,1.74488,0.87661,9.92e-05,9.92e-05,9.92e-05
194,3004.68,1.39338,0.90951,0.85661,0.55038,0.45,0.39551,0.2126,2.67688,1.74574,0.87487,8.93e-05,8.93e-05,8.93e-05
195,3020.23,1.3626,0.85532,0.87023,0.55028,0.45,0.3945,0.20681,2.67845,1.74542,0.87149,7.94e-05,7.94e-05,7.94e-05
196,3035.36,1.20865,0.85951,0.86615,0.55046,0.45,0.37576,0.20486,2.67617,1.74151,0.8679,6.95e-05,6.95e-05,6.95e-05
197,3050.6,1.26014,0.88456,0.80282,0.55013,0.45,0.37508,0.20205,2.67038,1.73853,0.86392,5.96e-05,5.96e-05,5.96e-05
198,3065.81,1.42443,0.92864,0.89807,0.54922,0.45,0.37494,0.20541,2.66732,1.7353,0.86199,4.97e-05,4.97e-05,4.97e-05
199,3081.68,1.267,0.83973,0.83304,0.54857,0.45,0.37469,0.19975,2.66583,1.73228,0.86093,3.98e-05,3.98e-05,3.98e-05
200,3096.28,1.15858,0.82955,0.87022,0.54791,0.45,0.37462,0.19987,2.65986,1.72884,0.85878,2.99e-05,2.99e-05,2.99e-05
